graph,DD,DP,PD,PP
Facebook,26.3873,23.1117,26.5821,23.2154
Epinions,3.94177,3.63245,3.93293,3.61682
Pokec,7.39323,7.33415,7.3963,7.35185
Stack Overflow,9.07893,8.90465,9.08148,9.00357
Live Journal,6.66458,6.60267,6.7517,6.64111
Orkut,9.32599,9.2054,9.35616,9.21936
